Ticket ID,First Name,Last Name,EmailID,Wife Name,Address1,Address2,Address3,State,City,Country,ZipCode
T001,John,Anderson,john.anderson@example.com,Mary Anderson,123 Main Street,Apt 4B,Floor 2,NY,New York,USA,10001
T002,Jane,Smith,jane.smith@test.com,Sarah Smith,456 Oak Avenue,Suite 100,,CA,Los Angeles,USA,90001
T003,Michael,Brown,michael.brown@example.com,Lisa Brown,789 Pine Road,Unit 5,Building A,TX,Houston,USA,77001
T004,Emily,Davis,emily.davis@test.com,Jennifer Davis,321 Elm Street,,,FL,Miami,USA,33101
T005,David,Wilson,david.wilson@example.com,Amanda Wilson,654 Maple Drive,Apt 12,,IL,Chicago,USA,60601
T006,Robert,Andersan,robert.andersan@example.com,James Johnson,111 Test St,,,NY,New York,USA,10001
T007,Sarah,Martinez,sarah.martinez@invalid,Robert Martinez,222 Sample Ave,,,CA,Los Angeles,USA,90001
T008,William,Taylor,william.taylor@test.com,Michael Taylor,333 Demo Road,,,TX,Houston,USA,77001
T009,Jessica,Thomas,jessica.thomas@example.com,David Thomas,444 Example Lane,,,FL,Miami,USA,33101
T010,Christopher,Lee,christopher.lee@test.com,Christopher Lee,555 Sample Blvd,,,IL,Chicago,USA,60601
T011,Patricia,Moore,patricia.moore@example.com,Linda Moore,777 Test Avenue,,,NY,New York,USA,90001
